cochilco_id,exp_id_confirmado,criterio,historial,estado_ambiental_override
compania-minera-dona-ines-de-collahuasi-scm-proyecto-4a-linea-nueva-conentradora-en-rosario,,decision_J_checklist,,
freeport-mcmoran-continuidad-operacional-minera-el-abra,2167925893,decision_J_checklist,,
codelco-chuquicamata-subterranea-1,,decision_J_checklist,,agregado_no_asignable
codelco-nuevo-nivel-mina-2,,decision_J_checklist,,agregado_no_asignable
codelco-otros-proyectos-de-desarrollo,,decision_J_checklist,,agregado_no_asignable
bhp-nueva-concentradora-los-colorados,2167965265,decision_J_checklist,,
codelco-sulfuros-rt-fase-ii-3,,decision_J_checklist,,
codelco-tranques,,decision_J_checklist,,agregado_no_asignable
antofagasta-minerals-desarrollo-minera-centinela-2-concentradora-fase-i-y-ii,2130502645,decision_J_checklist,,
compania-minera-dona-ines-de-collahuasi-scm-collahuasi-210-ktpd-proyecto-c20,2142210954,decision_J_checklist,,
anglo-american-proyecto-los-bronces-integrado,2143785006,decision_J_checklist,,
rio-tinto-enami-salares-altoandinos,,decision_J_checklist,,
andes-iron-spa-dominga,2128565332,regla_auto,,
los-andes-copper-ltd-desarrollo-proyecto-vizcachitas,,decision_J_checklist,,
bhp-reapertura-cerro-colorado,2168781721,decision_J_checklist,,
codelco-rajo-inca,2141618018,regla_auto,,
bhp-laguna-seca-expansion,2164534221,decision_J_checklist,,
capstone-copper-santo-domingo,2128721261,regla_auto,,
antofagasta-minerals-proyecto-de-adaptacion-operacional-pao,2151393993,decision_J_checklist,,
antofagasta-minerals-extension-de-vida-util-de-minera-los-pelambres-evu,2163620991,regla_auto,,
enami-modernizacion-fundicion-hvl-paipote,2160473041,regla_auto,,
bhp-adecuacion-operacional-spence,2158456424,regla_auto,,
kghm-international-cuarta-linea-de-molienda,,decision_J_checklist,,no_determinado
hot-chili-desarrollo-costa-fuego,,decision_J_checklist,,
antofagasta-minerals-extension-de-vida-util-con-transicion-hidrica,2159410455,decision_J_checklist,,
anglo-american-proyecto-modificacion-instalaciones-de-los-bronces-remocion-tranque-perez-caldera-y-adaptacion-del-recurso-hidrico,2160785113,regla_auto,,
kinross-gold-corporation-lobo-marte,2168238560,decision_J_checklist,,
bhp-aplicacion-de-ripios-de-lixiviacion-de-bhp-en-escondida,2166423458,decision_J_checklist,,
minera-salar-blanco-s-a-proyecto-salar-de-maricunga,2141401298,decision_J_checklist,,
sociedad-punta-del-cobre-s-a-proyecto-minero-tovaku,2165803565,regla_auto,,
freeport-mcmoran-modificacion-pila-de-lixiviacion-sulfolix,2163859477,decision_J_checklist,,
sociedad-punta-del-cobre-s-a-proyecto-el-espino,8063376,regla_auto,,
capstone-copper-desarrollo-mantoverde-fase-ii,,decision_J_checklist,,
lundin-mining-optimizacion-y-continuidad-operacional-minera-candelaria,2145805600,regla_auto,,
simco-produccion-de-sales-maricunga,2140606748,decision_J_checklist,,
capstone-copper-sierra-norte,,decision_J_checklist,,
marimaca-copper-corp-proyecto-minero-de-cobre-oxidos-marimaca,2163952036,decision_J_checklist,,
bhp-crecimiento-concentradora-spence,,decision_J_checklist,,
kghm-international-actualizacion-del-deposito-de-relaves-e-instalaciones-anexas,2145206149,regla_auto,,
bhp-demolicion-concentradora-los-colorados,2167965265,decision_J_checklist,,
sqm-tente-en-el-aire,2142169163,regla_auto,,
cap-s-a-modificacion-proyecto-mina-los-colorados-ajustes-y-continuidad-operacional,2164006597,regla_reingreso,2162201555,
minera-altair-s-a-proyecto-de-explotacion-y-procesamiento-de-minerales-la-farola,2162114265,regla_auto,,
sqm-modificacion-de-las-instalaciones-productivas-y-transporte-de-nitratos-faena-minera-coya-sur,2163446141,regla_auto,,
rio2-ltd-fenix-gold,2146327395,decision_J_checklist,,
nittetsu-mining-co-proyecto-minero-arqueros-cobre,2146624103,decision_J_checklist,,
haldeman-mining-company-s-a-plan-de-desarrollo-michilla,2154794710,decision_J_checklist,,
kingsgate-consolidated-nueva-esperanza,2140882654,decision_J_checklist,,
bhp-extension-vida-concentrado-los-colorados,2167965265,decision_J_checklist,,
capstone-copper-mv-optimized-mv-o,2162419886,decision_J_checklist,,
ree-uno-spa-proyecto-de-desarrollo-minero-de-extraccion-de-arcillas-para-produccion-de-concentrado-de-tierras-raras,2161730166,regla_auto,,
eco-earth-elements-spa-ciclon-exploradora,2155609426,regla_auto,,
kinross-gold-corporation-extension-vida-util-faenas-la-coipa-y-puren,2165222789,regla_auto,,
knauf-de-chile-limitada-planta-paneles-de-yeso-y-ampliacion-cantera-rubi,2161701083,regla_reingreso,2156421131;2156632310,
haldeman-mining-company-s-a-continuidad-operacional-y-modificacion-del-proyecto-minero-sagasca,2165193224,regla_reingreso,2164297799,
anglo-american-implementacion-de-las-instalaciones-para-manejo-de-aguas-contactadas-y-no-contactadas-en-deposito-de-esteriles-donoso-norte,2163263395,decision_J_checklist,,
cementos-biobio-extension-el-way-este,2158996386,decision_J_checklist,,
sqm-extension-vida-util-proyecto-maria-elena,,decision_J_checklist,,pertinencia
minera-las-cenizas-s-a-continuidad-operacional-mina-barreal-seco,2161876818,regla_auto,,
