cochilco_empresa,alias,estado
Antofagasta Minerals,Minera Los Pelambres,confirmado
Antofagasta Minerals,Minera Centinela,confirmado
Antofagasta Minerals,Compañía Minera Zaldívar,confirmado
BHP,Minera Escondida,confirmado
BHP,Minera Spence,confirmado
BHP,Compañía Minera Cerro Colorado,confirmado
Capstone Copper,Minera Mantoverde,confirmado
Capstone Copper,Minera Santo Domingo,confirmado
Freeport-McMoran,Sociedad Contractual Minera El Abra,confirmado
Lundin Mining,Minera Candelaria,confirmado
Kinross Gold Corporation,Compañía Minera Mantos de Oro,confirmado
CAP S.A.,Compañía Minera del Pacífico,confirmado
Codelco,Corporación Nacional del Cobre,confirmado
ENAMI,Empresa Nacional de Minería,confirmado
Rio Tinto - ENAMI,Empresa Nacional de Minería,confirmado
Compañía Minera Doña Inés de Collahuasi SCM,Doña Inés de Collahuasi,confirmado
SQM,Sociedad Química y Minera,confirmado
Sociedad Punta del Cobre S.A.,Pucobre,confirmado
