;;;;;;;;;;;
;Tabla 2: Proyectos que Egresan de la Cartera de Inversión para el Período 2025-2034.;;;;;;;;;;
;;;;;;;;;;;
;Justificación Egreso;Empresa;Mina;Nombre del Proyecto;Sector ;Región;Tipo de Proyecto;Condición;Inversión [MMUS$];;
;Ejecutado(1);SQM ;Salar de Atacama (Planta Salar del Carmen);Aumento de Capacidad y Optimización Producción Planta de Litio Carmen;Litio;Antofagasta;Expansión;Base;987;;
;Ejecutado(1);BHP;Escondida;Extensión del Botadero de Ripios y Modificaciones Operacionales en el Área de la Pila Dinámica de Lixiviación;Gran Min. - Cu;Antofagasta;Reposición;Base;470;;
;Ejecutado(1);Antofagasta Minerals;Centinela;Polo Sur;Gran Min. - Cu;Antofagasta;Reposición;Base;300;;
;Ejecutado(1);Glencore;Lomas Bayas;Adecuación Obras Mineras para Continuidad Operacional de CMLB (Ex LOMAS BAYAS 2034);Gran Min. - Cu;Antofagasta;Reposición;Base;254;;
;Ejecutado(1);KGHM International;Sierra Gorda;Sierra Gorda EXP. 230 KTPD;Gran Min. - Cu;Antofagasta;Expansión;Probable;2.000;;
;Metodología(2);SRH Chile SpA ;Mina Tres Valles;Mina Tres Valles;Med Min. - Cu;Coquimbo;Reposición;Posible;30;;
;;;;;;;;;;;
;(1) Proyectos que salen de la cartera por estar ya ejecutados.;;;;;;;;;;
;(2) Proyectos que salen por estar fuera del alcance del informe.;;;;;;;;;;
;;;;;;;;;;;
;;;;;;;;;;;
;Tabla 3: Proyectos que Ingresan a la Cartera de Inversión para el Período 2025-2034.;;;;;;;;;;
;;;;;;;;;;;
;Puesta en Marcha;Empresa;Mina;Nombre del Proyecto;Sector ;Región;Tipo de Proyecto;Condición;Inversión [MMUS$];;
;2027;BHP;Escondida;Extensión vida Concentrado Los Colorados;Gran Min. - Cu;Antofagasta;Reposición;Probable;200,0;;
;2028;SQM ;Coya Sur;Modificación de las Instalaciones productivas y transporte de nitratos faena minera Coya Sur;Min. Industrial;Antofagasta;Reposición;Probable;250,0;;
;2028;Kinross Gold Corporation;La Coipa y Purén;Extensión Vida Útil Faenas La Coipa y Purén;Oro;Atacama;Reposición;Posible;113,0;;
;2028;Anglo American;Los Bronces;Implementación de las instalaciones para manejo de aguas contactadas y no contactadas, en Depósito de Estériles Donoso Norte;Gran Min. - Cu;Valparaíso;Reposición;Probable;90,0;;
;2028;Haldeman Mining Company S.A.;Sagasca;Continuidad Operacional y Modificación del Proyecto Minero Sagasca;Med Min. - Cu;Tarapacá;Reposición;Posible;100,0;;
;2028;KGHM International;Sierra Gorda;Cuarta Línea de Molienda;Gran Min. - Cu;Antofagasta;Expansión;Potencial;1.300,0;;
;2029;BHP;Escondida;Demolición Concentradora Los Colorados;Gran Min. - Cu;Antofagasta;Reposición;Potencial;400,0;;
;2029;BHP;Escondida;Aplicación de ripios de lixiviación de BHP en Escondida;Gran Min. - Cu;Antofagasta;Reposición;Posible;900,0;;
;2029;Marimaca Copper Corp.;Marimaca;Proyecto Minero de Cobre Óxidos Marimaca;Gran Min. - Cu;Antofagasta;Nuevo;Probable;587,0;;
;2030;BHP;Spence;Crecimiento Concentradora Spence;Gran Min. - Cu;Antofagasta;Reposición;Potencial;500,0;;
;2031;BHP;Escondida;Laguna Seca expansion;Gran Min. - Cu;Antofagasta;Reposición;Posible;2.351,0;;
;2031;BHP;Escondida;Nueva concentradora: Los Colorados;Gran Min. - Cu;Antofagasta;Expansión;Potencial;5.000,0;;
;2032;BHP;Cerro Colorado;Reapertura Cerro Colorado;Gran Min. - Cu;Tarapacá;Reposición;Potencial;2.700,0;;
;2032;Compañía Minera Doña Inés de Collahuasi SCM;Collahuasi;Proyecto 4ª Línea: Nueva conentradora en Rosario;Gran Min. - Cu;Tarapacá;Expansión;Potencial;8.000,0;;
;2033;Rio Tinto - ENAMI;Salares Altoandinos;Salares Altoandinos;Litio;Atacama;Nuevo;Potencial;3.200,0;;
;2035;Sociedad Punta del Cobre S.A.;Tovaku;Proyecto Minero Tovaku;Med Min. - Cu;Antofagasta;Nuevo;Posible;870,0;;
;;;;;;;;;;;
;;;;;;;;;;;
;;;;;;;;;;;
;;;;;;;;;;;
;Fuente: Comisión Chilena del Cobre (2025).;;;;;;;;;;