;;;;;;;;;;
;Tabla 10: Distribución Temporal de la Cartera de Inversión, Período 2025 - 2034;;;;;;;;;
;;;;;;;;;;
;Columna1;Unidad;Anterior a 2025;2025;2026;2027;2028;2029;2030-2034;
;Cobre;MMUS$;11.503,4;9.491,4;8.531,0;9.349,8;8.076,1;10.564,2;36.339,3;
;Oro;MMUS$;117,5;117,5;0,0;56,5;98,2;41,7;1.336,7;
;Litio;MMUS$;0,0;0,0;0,0;425,0;425,0;425,0;3.425,0;
;Hierro;MMUS$;0,0;0,0;137,6;137,6;68,8;0,0;2.900,0;
;Otros;MMUS$;175,0;200,0;273,3;148,3;108,8;51,0;25,5;
;Total Inversión;MMUS$;11.795,9;9.808,9;8.941,9;10.117,2;8.776,9;11.081,9;44.026,4;
;;;;;;;;;;
;;;;;;;;;;
;Tabla 11: Distribución Temporal de la Cartera de Inversión en Cobre, según Condición;;;;;;;;;
;;;;;;;;;;
;Columna1;Unidad;Anterior a 2025;2025;2026;2027;2028;2029;2030-2034;
;Estatal - Cu;MMUS$;6.944,3;3.694,1;2.312,9;3.317,4;3.450,5;2.950,9;8.622,9;
;Base;MMUS$;6.944,3;3.694,1;2.312,9;3.235,0;3.119,6;2.538,1;920,0;
;Probable;MMUS$;0,0;0,0;0,0;82,3;330,8;396,1;335,4;
;Posible;MMUS$;0,0;0,0;0,0;0,0;0,0;0,0;3.706,2;
;Potencial;MMUS$;0,0;0,0;0,0;0,0;0,0;16,7;3.661,3;
;Gran Min. - Cu;MMUS$;4.402,5;5.296,2;5.605,8;5.227,8;3.954,3;7.042,0;26.249,3;
;Base;MMUS$;4.402,5;5.296,2;4.663,2;3.690,2;0,0;0,0;0,0;
;Probable;MMUS$;0,0;0,0;942,6;587,6;487,6;0,0;0,0;
;Posible;MMUS$;0,0;0,0;0,0;300,0;966,7;2.517,0;3.767,3;
;Potencial;MMUS$;0,0;0,0;0,0;650,0;2.500,0;4.525,0;22.482,0;
;Med Min. - Cu;MMUS$;156,7;501,1;612,3;233,3;100,0;0,0;1.467,0;
;Base;MMUS$;156,7;476,7;563,3;233,3;0,0;0,0;0,0;
;Probable;MMUS$;0,0;24,5;48,9;0,0;0,0;0,0;0,0;
;Posible;MMUS$;0,0;0,0;0,0;0,0;100,0;0,0;870,0;
;Potencial;MMUS$;0,0;0,0;0,0;0,0;0,0;0,0;597,0;
;Plantas Metalurgicas;MMUS$;0,0;0,0;0,0;571,3;571,3;571,3;0,0;
;Base;MMUS$;0,0;0,0;0,0;0,0;0,0;0,0;0,0;
;Probable;MMUS$;0,0;0,0;0,0;571,3;571,3;571,3;0,0;
;Posible;MMUS$;0,0;0,0;0,0;0,0;0,0;0,0;0,0;
;Potencial;MMUS$;0,0;0,0;0,0;0,0;0,0;0,0;0,0;
;Total Inversión - Cu;MMUS$;11.503,4;9.491,4;8.531,0;9.349,8;8.076,1;10.564,2;36.339,3;
;Base;MMUS$;11.503,4;9.467,0;7.539,4;7.158,5;3.119,6;2.538,1;920,0;
;Probable;MMUS$;0,0;24,5;991,5;1.241,3;1.389,8;967,4;335,4;
;Posible;MMUS$;0,0;0,0;0,0;300,0;1.066,7;2.517,0;8.343,5;
;Potencial;MMUS$;0,0;0,0;0,0;650,0;2.500,0;4.541,7;26.740,3;
;;;;;;;;;;
;;;;;;;;;;
;Tabla 12: Distribución Temporal de la Cartera de Inversión en Litio, según Condición;;;;;;;;;
;;;;;;;;;;
;Columna1;Unidad;Anterior a 2025;2025;2026;2027;2028;2029;2030-2034;
;Total Inversión - Litio;MMUS$;0,0;0,0;0,0;425,0;425,0;425,0;3.425,0;
;Base;MMUS$;0,0;0,0;0,0;0,0;0,0;0,0;0,0;
;Probable;MMUS$;0,0;0,0;0,0;225,0;225,0;225,0;225,0;
;Posible;MMUS$;0,0;0,0;0,0;200,0;200,0;200,0;0,0;
;Potencial;MMUS$;0,0;0,0;0,0;0,0;0,0;0,0;3.200,0;
;;;;;;;;;;
;;;;;;;;;;
;Tabla 13: Distribución Temporal de la Cartera de Inversión en Oro, Hierro y Min. Industriales, según Condición;;;;;;;;;
;;;;;;;;;;
;Columna1;Unidad;Anterior a 2025;2025;2026;2027;2028;2029;2030-2034;
;Oro;MMUS$;117,5;117,5;0,0;56,5;98,2;41,7;1.336,7;
;Base;MMUS$;117,5;117,5;0,0;0,0;0,0;0,0;0,0;
;Probable;MMUS$;0,0;0,0;0,0;0,0;0,0;0,0;0,0;
;Posible;MMUS$;0,0;0,0;0,0;56,5;98,2;41,7;41,7;
;Potencial;MMUS$;0,0;0,0;0,0;0,0;0,0;0,0;1.295,0;
;Hierro;MMUS$;0,0;0,0;137,6;137,6;68,8;0,0;2.900,0;
;Base;MMUS$;0,0;0,0;0,0;0,0;0,0;0,0;0,0;
;Probable;MMUS$;0,0;0,0;137,6;137,6;68,8;0,0;0,0;
;Posible;MMUS$;0,0;0,0;0,0;0,0;0,0;0,0;0,0;
;Potencial;MMUS$;0,0;0,0;0,0;0,0;0,0;0,0;2.900,0;
;Min. Industrial;MMUS$;175,0;200,0;273,3;148,3;108,8;51,0;25,5;
;Base;MMUS$;175,0;87,5;87,5;0,0;0,0;0,0;0,0;
;Probable;MMUS$;0,0;112,5;120,8;83,3;83,3;0,0;0,0;
;Posible;MMUS$;0,0;0,0;65,0;65,0;25,5;51,0;25,5;
;Potencial;MMUS$;0,0;0,0;0,0;0,0;0,0;0,0;0,0;
;Total Inversión - Otros Minerales;MMUS$;292,5;317,5;410,9;342,4;275,8;92,7;4.262,2;
;Base;MMUS$;292,5;205,0;87,5;0,0;0,0;0,0;0,0;
;Probable;MMUS$;0,0;112,5;258,4;220,9;152,1;0,0;0,0;
;Posible;MMUS$;0,0;0,0;65,0;121,5;123,7;92,7;67,2;
;Potencial;MMUS$;0,0;0,0;0,0;0,0;0,0;0,0;4.195,0;
;;;;;;;;;;
;;;;;;;;;;
;;;;;;;;;;
;;;;;;;;;;
;Fuente: Comisión Chilena del Cobre (2025).;;;;;;;;;