;;;;;;;;;;;;;;;;
;;;;;;;;;;;;;;;;
;;;;;;;;;;;;;;;;
;;;;;;;;;;;;;;;;
;;;;;;;;;;;;;;;;
;;;;;;;;;;;;;;;;
;;;;;;;;;;;;;;;;
;;;;;;;;;;;;;;;;
;;;;;;;;;;;;;;;;
;;;;;;;;;;;;;;;;
;Anexo C - Tablas Informe Cartera de Proyectos de Inversión Minera en Chile, Período 2025-2034;;;;;;;;;;;;;;;
;;;;;;;;;;;;;;;;
;;;;;;;;;;;;;;;;
;Tabla;Contenido;;;;;;;;;;;;;;
;Tabla 1;Catastro de proyectos mineros en Chile, Período 2025-2034.;;;;;;;;;;;;;;
;Tabla 2;Proyectos que Egresan de la Cartera de Inversión para el Período 2025-2034.;;;;;;;;;;;;;;
;Tabla 3;Proyectos que Ingresan a la Cartera de Inversión para el Período 2025-2034.;;;;;;;;;;;;;;
;Tabla 4;Inversión por Condicionalidad de los Proyectos, Período 2025-2034.;;;;;;;;;;;;;;
;Tabla 5;Inversión por Tipo de Proyecto.;;;;;;;;;;;;;;
;Tabla 6;Inversión por Etapa de Avance del Proyecto.;;;;;;;;;;;;;;
;Tabla 7;Inversión por Estado de Permisos Ambientales.;;;;;;;;;;;;;;
;Tabla 8;Distribución Regional de la Cartera de Inversiones, según Mineral.;;;;;;;;;;;;;;
;Tabla 9;Inversión Total de Cartera de Inversión según País de Procedencia y Condición;;;;;;;;;;;;;;
;Tabla 10;Distribución Temporal de la Cartera de Inversión, Período 2025 - 2034;;;;;;;;;;;;;;
;Tabla 11;Distribución Temporal de la Cartera de Inversión en Cobre, según Condición;;;;;;;;;;;;;;
;Tabla 12;Distribución Temporal de la Cartera de Inversión en Litio, según Condición;;;;;;;;;;;;;;
;Tabla 13;Distribución Temporal de la Cartera de Inversión en Oro, Hierro y Min. Industriales, según Condición;;;;;;;;;;;;;;
;;;;;;;;;;;;;;;;
;;;;;;;;;;;;;;;;
;;;;;;;;;;;;;;;;
;;;;;;;;;;;;;;;;
;Versión:;2025.01;;;;;;;;;;;;;;
;RPI 2025-A-12603;;;;;;;;;;;;;;;
;;;;;;;;;;;;;;;;
;;;;;;;;;;;;;;;;
;Copyright by Cochilco, todos los derechos reservados.;;;;;;;;;;;;;;;
;Se autoriza la reproducción total o parcial de este documento, siempre que la fuente “Comisión Chilena del Cobre” y/o “Cochilco” sea citada, salvo que se indique lo contrario.;;;;;;;;;;;;;;;
;;;;;;;;;;;;;;;;
;;;;;;;;;;;;;;;;
;Documento elaborado por los Analistas:;;;;;;;;;;;;;;;
;;;;;;;;;;;;;;;;
;Claudia Arancibia Calderón;;;;;;;;;;;;;;;
;carancibia@cochilco.cl;;;;;;;;;;;;;;;
;;;;;;;;;;;;;;;;
;Carla Rebolledo Labbe;;;;;;;;;;;;;;;
;crebolledo@cochilco.cl;;;;;;;;;;;;;;;
;;;;;;;;;;;;;;;;
;José Pedro Ruiz-Tagle Valderrama;;;;;;;;;;;;;;;
;jpruiztagle@cochilco.cl;;;;;;;;;;;;;;;
;;;;;;;;;;;;;;;;
;Sergio Verdugo Montenegro;;;;;;;;;;;;;;;
;sverdugo@cochilco.cl;;;;;;;;;;;;;;;
;;;;;;;;;;;;;;;;
;;;;;;;;;;;;;;;;
;;;;;;;;;;;;;;;;
;Patricia Gamboa Lagos;;;;;;;;;;;;;;;
;Directora de Estudios y Políticas Públicas;;;;;;;;;;;;;;;
;;;;;;;;;;;;;;;;
;;;;;;;;;;;;;;;;
;Diciembre de 2025;;;;;;;;;;;;;;;
